Master 1,Master 1,Master 1
310-004-0000,310-004-0000,310-004-0000
310-004-0001,310-004-0001,310-004-0001
310-004-0002,310-004-0002,310-004-0002
310-004-0003,310-004-0003,310-004-0003
310-004-0004,310-004-0004,310-004-0004
310-004-0005,310-004-0005,310-004-0005
310-004-0006,310-004-0006,310-004-0006
310-004-0007,310-004-0007,310-004-0007
310-004-0008,310-004-0008,310-004-0008
310-004-0009,310-004-0009,310-004-0009
310-004-0010,310-004-0010,310-004-0010
8006268098,8006268098,8006268098
8006268098,8006268098,8006268098
8006268098,8006268098,8006268098
310-004-0011,310-004-0011,310-004-0011
310-004-0012,310-004-0012,310-004-0012
310-004-0013,310-004-0013,310-004-0013
310-004-0014,310-004-0014,310-004-0014
310-004-0015,310-004-0015,310-004-0015
310-004-0016,310-004-0016,310-004-0016
310-004-0017,310-004-0017,310-004-0017
248-989-5049,248-989-5049,248-989-5049
248-989-5049,248-989-5049,248-989-5049
310-004-0018,310-004-0018,310-004-0018
310-004-0019,310-004-0019,310-004-0019
310-004-0020,310-004-0020,310-004-0020
310-004-0021,310-004-0021,310-004-0021
310-004-0022,310-004-0022,310-004-0022
310-004-0023,310-004-0023,310-004-0023
310-004-0024,310-004-0024,310-004-0024
310-004-0025,310-004-0025,310-004-0025
310-004-0026,310-004-0026,310-004-0026
310-004-0027,310-004-0027,310-004-0027
310-004-0028,310-004-0028,310-004-0028
310-004-0029,310-004-0029,310-004-0029
310-004-0030,310-004-0030,310-004-0030
310-004-0031,310-004-0031,310-004-0031
310-004-0032,310-004-0032,310-004-0032
310-004-0033,310-004-0033,310-004-0033
+1 248-989-5049,+1 248-989-5049,+1 248-989-5049
+1 248-989-5049,+1 248-989-5049,+1 248-989-5049
+1 248-989-5049,+1 248-989-5049,+1 248-989-5049
+1 248-989-5049,+1 248-989-5049,+1 248-989-5049
+1 248-989-5049,+1 248-989-5049,+1 248-989-5049
